{
  "product_id": "12345",
  "name": "Wireless Headphones",
  "price": 99.99,
  "description": "High-quality wireless headphones",
  "image_options": {
    "available_sizes": [
      {
        "size": "large",
        "url": "/images/headphones-large.jpg",
        "resolution": "1024x1024"
      },
      {
        "size": "small",
        "url": "/images/headphones-small.jpg",
        "resolution": "256x256"
      }
    ],
    "default": "/images/headphones-large.jpg"
  },
  "links": {
    "self": "/products/12345",
    "purchase": "/products/12345/purchase",
    "reviews": "/products/12345/reviews?limit={n}"
  }
}
