{
  "orderId": "67890",
  "customer": "John Doe",
  "status": "pending",
  "items": [
    {
      "product": "Widget A",
      "quantity": 2,
      "price": 9.99
    },
    {
      "product": "Widget B",
      "quantity": 1,
      "price": 19.99
    }
  ],
  "links": {
    "self": {
      "href": "/orders/67890",
      "method": "GET",
      "rel": "self"
    },
    "cancel": {
      "href": "/orders/67890?status=cancel",
      "method": "POST",
      "rel": "cancel"
    },
    "update": {
      "href": "/orders/67890",
      "method": "PUT",
      "rel": "update"
    },
    "confirm": {
      "href": "/orders/67890?status=confirm",
      "method": "POST",
      "rel": "confirm"
    }
  }
}
